{
  "overall_confidence": {
    "lang_confidence": {
      "mean": 1.0,
      "median": 1.0,
      "std": 0.0,
      "min": 1.0,
      "max": 1.0,
      "q25": 1.0,
      "q75": 1.0
    },
    "keyword_confidence_avg": {
      "mean": 0.010540987011878965,
      "median": 0.0,
      "std": 0.04360077588219856,
      "min": 0.0,
      "max": 1.0,
      "q25": 0.0,
      "q75": 0.0
    },
    "topic_confidence": {
      "mean": 0.30337250715724345,
      "median": 0.3,
      "std": 0.08200963636665058,
      "min": 0.0008397409191106995,
      "max": 1.0,
      "q25": 0.3,
      "q75": 0.3
    },
    "sentiment_confidence": {
      "mean": 0.31057917611226227,
      "median": 0.31135,
      "std": 0.27611055648387356,
      "min": 0.0,
      "max": 0.9901,
      "q25": 0.0,
      "q75": 0.5423
    },
    "emotion_confidence": {
      "mean": 0.5,
      "median": 0.5,
      "std": 0.0,
      "min": 0.5,
      "max": 0.5,
      "q25": 0.5,
      "q75": 0.5
    },
    "anomaly_confidence": {
      "mean": 0.2596447101443443,
      "median": 0.27215283511680843,
      "std": 0.15006459605240824,
      "min": 6.08822859783095e-06,
      "max": 1.0,
      "q25": 0.12617623305417622,
      "q75": 0.38073996321494596
    },
    "bot_confidence": {
      "mean": 0.4050277486410811,
      "median": 0.4525732202425471,
      "std": 0.11227431468665858,
      "min": 0.007722968343270908,
      "max": 0.5323762620227214,
      "q25": 0.3362226750025565,
      "q75": 0.47483497336632696
    }
  },
  "confidence_by_component": {
    "topic_confidence": {
      "count": 143806.0,
      "mean": 0.30337250715724345,
      "std": 0.08200963636665058,
      "min": 0.0008397409191106995,
      "25%": 0.3,
      "50%": 0.3,
      "75%": 0.3,
      "max": 1.0
    },
    "sentiment_confidence": {
      "count": 143806.0,
      "mean": 0.31057917611226227,
      "std": 0.27611055648387356,
      "min": 0.0,
      "25%": 0.0,
      "50%": 0.31135,
      "75%": 0.5423,
      "max": 0.9901
    },
    "emotion_confidence": {
      "count": 143806.0,
      "mean": 0.5,
      "std": 0.0,
      "min": 0.5,
      "25%": 0.5,
      "50%": 0.5,
      "75%": 0.5,
      "max": 0.5
    },
    "anomaly_confidence": {
      "count": 143806.0,
      "mean": 0.2596447101443443,
      "std": 0.15006459605240824,
      "min": 6.08822859783095e-06,
      "25%": 0.12617623305417622,
      "50%": 0.27215283511680843,
      "75%": 0.38073996321494596,
      "max": 1.0
    },
    "bot_confidence": {
      "count": 143806.0,
      "mean": 0.4050277486410811,
      "std": 0.11227431468665858,
      "min": 0.007722968343270908,
      "25%": 0.3362226750025565,
      "50%": 0.4525732202425471,
      "75%": 0.47483497336632696,
      "max": 0.5323762620227214
    }
  },
  "low_confidence_analysis": {
    "lang_confidence": {
      "count": 0,
      "percentage": 0.0
    },
    "keyword_confidence_avg": {
      "count": 143666,
      "percentage": 99.90264662114238
    },
    "topic_confidence": {
      "count": 142067,
      "percentage": 98.79073195833276
    },
    "sentiment_confidence": {
      "count": 103024,
      "percentage": 71.64096073877307
    },
    "emotion_confidence": {
      "count": 0,
      "percentage": 0.0
    },
    "anomaly_confidence": {
      "count": 137878,
      "percentage": 95.87777978665703
    },
    "bot_confidence": {
      "count": 121305,
      "percentage": 84.35322587374657
    }
  }
}